method,accuracy,ece,mce,brier_score,nll
temperature_scaling,0.93,0.030001846099998838,0.2655249893413297,0.05966137418343845,0.19727034975522315
platt_scaling,0.93,0.06898272362601415,0.4385801575010446,0.07527301061230968,0.2389352674343969
isotonic_regression,0.93,0.08576586517002666,0.6090594454698689,0.08357178813017446,0.5241063606204991
raw,0.93,0.15455735801094908,0.3742980594322929,0.08911182419582031,0.2985522187276517
