risk_tier,threshold,coverage,accepted_accuracy,expected_loss
high,0.5,0.9607843137254902,0.9795918367346939,64.0034297573027
low,0.8,0.6923076923076923,0.9722222222222222,33.640724966831606
mandatory_review,0.5,0.9666666666666667,0.8793103448275862,30.85156103985144
medium,0.85,0.8029197080291971,0.9818181818181818,23.843227449986962
